pixel_0,pixel_1,pixel_2,pixel_3,pixel_4,pixel_5,pixel_6,pixel_7,pixel_8,pixel_9,pixel_10,pixel_11,pixel_12,pixel_13,pixel_14,pixel_15,pixel_16,pixel_17,pixel_18,pixel_19,pixel_20,pixel_21,pixel_22,pixel_23,pixel_24,pixel_25,pixel_26,pixel_27,pixel_28,pixel_29,pixel_30,pixel_31,pixel_32,pixel_33,pixel_34,pixel_35,pixel_36,pixel_37,pixel_38,pixel_39,pixel_40,pixel_41,pixel_42,pixel_43,pixel_44,pixel_45,pixel_46,pixel_47,pixel_48,pixel_49,pixel_50,pixel_51,pixel_52,pixel_53,pixel_54,pixel_55,pixel_56,pixel_57,pixel_58,pixel_59,pixel_60,pixel_61,pixel_62,pixel_63,pixel_64,pixel_65,pixel_66,pixel_67,pixel_68,pixel_69,pixel_70,pixel_71,pixel_72,pixel_73,pixel_74,pixel_75,pixel_76,pixel_77,pixel_78,pixel_79,pixel_80,pixel_81,pixel_82,pixel_83,pixel_84,pixel_85,pixel_86,pixel_87,pixel_88,pixel_89,pixel_90,pixel_91,pixel_92,pixel_93,pixel_94,pixel_95,pixel_96,pixel_97,pixel_98,pixel_99,pixel_100,pixel_101,pixel_102,pixel_103,pixel_104,pixel_105,pixel_106,pixel_107,pixel_108,pixel_109,pixel_110,pixel_111,pixel_112,pixel_113,pixel_114,pixel_115,pixel_116,pixel_117,pixel_118,pixel_119,pixel_120,pixel_121,pixel_122,pixel_123,pixel_124,pixel_125,pixel_126,pixel_127,pixel_128,pixel_129,pixel_130,pixel_131,pixel_132,pixel_133,pixel_134,pixel_135,pixel_136,pixel_137,pixel_138,pixel_139,pixel_140,pixel_141,pixel_142,pixel_143,pixel_144,pixel_145,pixel_146,pixel_147,pixel_148,pixel_149,pixel_150,pixel_151,pixel_152,pixel_153,pixel_154,pixel_155,pixel_156,pixel_157,pixel_158,pixel_159,pixel_160,pixel_161,pixel_162,pixel_163,pixel_164,pixel_165,pixel_166,pixel_167,pixel_168,pixel_169,pixel_170,pixel_171,pixel_172,pixel_173,pixel_174,pixel_175,pixel_176,pixel_177,pixel_178,pixel_179,pixel_180,pixel_181,pixel_182,pixel_183,pixel_184,pixel_185,pixel_186,pixel_187,pixel_188,pixel_189,pixel_190,pixel_191,pixel_192,pixel_193,pixel_194,pixel_195,pixel_196,pixel_197,pixel_198,pixel_199,pixel_200,pixel_201,pixel_202,pixel_203,pixel_204,pixel_205,pixel_206,pixel_207,pixel_208,pixel_209,pixel_210,pixel_211,pixel_212,pixel_213,pixel_214,pixel_215,pixel_216,pixel_217,pixel_218,pixel_219,pixel_220,pixel_221,pixel_222,pixel_223,pixel_224,pixel_225,pixel_226,pixel_227,pixel_228,pixel_229,pixel_230,pixel_231,pixel_232,pixel_233,pixel_234,pixel_235,pixel_236,pixel_237,pixel_238,pixel_239,pixel_240,pixel_241,pixel_242,pixel_243,pixel_244,pixel_245,pixel_246,pixel_247,pixel_248,pixel_249,pixel_250,pixel_251,pixel_252,pixel_253,pixel_254,pixel_255,pixel_256,pixel_257,pixel_258,pixel_259,pixel_260,pixel_261,pixel_262,pixel_263,pixel_264,pixel_265,pixel_266,pixel_267,pixel_268,pixel_269,pixel_270,pixel_271,pixel_272,pixel_273,pixel_274,pixel_275,pixel_276,pixel_277,pixel_278,pixel_279,pixel_280,pixel_281,pixel_282,pixel_283,pixel_284,pixel_285,pixel_286,pixel_287,pixel_288,pixel_289,pixel_290,pixel_291,pixel_292,pixel_293,pixel_294,pixel_295,pixel_296,pixel_297,pixel_298,pixel_299,pixel_300,pixel_301,pixel_302,pixel_303,pixel_304,pixel_305,pixel_306,pixel_307,pixel_308,pixel_309,pixel_310,pixel_311,pixel_312,pixel_313,pixel_314,pixel_315,pixel_316,pixel_317,pixel_318,pixel_319,pixel_320,pixel_321,pixel_322,pixel_323,pixel_324,pixel_325,pixel_326,pixel_327,pixel_328,pixel_329,pixel_330,pixel_331,pixel_332,pixel_333,pixel_334,pixel_335,pixel_336,pixel_337,pixel_338,pixel_339,pixel_340,pixel_341,pixel_342,pixel_343,pixel_344,pixel_345,pixel_346,pixel_347,pixel_348,pixel_349,pixel_350,pixel_351,pixel_352,pixel_353,pixel_354,pixel_355,pixel_356,pixel_357,pixel_358,pixel_359,pixel_360,pixel_361,pixel_362,pixel_363,pixel_364,pixel_365,pixel_366,pixel_367,pixel_368,pixel_369,pixel_370,pixel_371,pixel_372,pixel_373,pixel_374,pixel_375,pixel_376,pixel_377,pixel_378,pixel_379,pixel_380,pixel_381,pixel_382,pixel_383,pixel_384,pixel_385,pixel_386,pixel_387,pixel_388,pixel_389,pixel_390,pixel_391,pixel_392,pixel_393,pixel_394,pixel_395,pixel_396,pixel_397,pixel_398,pixel_399,pixel_400,pixel_401,pixel_402,pixel_403,pixel_404,pixel_405,pixel_406,pixel_407,pixel_408,pixel_409,pixel_410,pixel_411,pixel_412,pixel_413,pixel_414,pixel_415,pixel_416,pixel_417,pixel_418,pixel_419,pixel_420,pixel_421,pixel_422,pixel_423,pixel_424,pixel_425,pixel_426,pixel_427,pixel_428,pixel_429,pixel_430,pixel_431,pixel_432,pixel_433,pixel_434,pixel_435,pixel_436,pixel_437,pixel_438,pixel_439,pixel_440,pixel_441,pixel_442,pixel_443,pixel_444,pixel_445,pixel_446,pixel_447,pixel_448,pixel_449,pixel_450,pixel_451,pixel_452,pixel_453,pixel_454,pixel_455,pixel_456,pixel_457,pixel_458,pixel_459,pixel_460,pixel_461,pixel_462,pixel_463,pixel_464,pixel_465,pixel_466,pixel_467,pixel_468,pixel_469,pixel_470,pixel_471,pixel_472,pixel_473,pixel_474,pixel_475,pixel_476,pixel_477,pixel_478,pixel_479,pixel_480,pixel_481,pixel_482,pixel_483,pixel_484,pixel_485,pixel_486,pixel_487,pixel_488,pixel_489,pixel_490,pixel_491,pixel_492,pixel_493,pixel_494,pixel_495,pixel_496,pixel_497,pixel_498,pixel_499,pixel_500,pixel_501,pixel_502,pixel_503,pixel_504,pixel_505,pixel_506,pixel_507,pixel_508,pixel_509,pixel_510,pixel_511,pixel_512,pixel_513,pixel_514,pixel_515,pixel_516,pixel_517,pixel_518,pixel_519,pixel_520,pixel_521,pixel_522,pixel_523,pixel_524,pixel_525,pixel_526,pixel_527,pixel_528,pixel_529,pixel_530,pixel_531,pixel_532,pixel_533,pixel_534,pixel_535,pixel_536,pixel_537,pixel_538,pixel_539,pixel_540,pixel_541,pixel_542,pixel_543,pixel_544,pixel_545,pixel_546,pixel_547,pixel_548,pixel_549,pixel_550,pixel_551,pixel_552,pixel_553,pixel_554,pixel_555,pixel_556,pixel_557,pixel_558,pixel_559,pixel_560,pixel_561,pixel_562,pixel_563,pixel_564,pixel_565,pixel_566,pixel_567,pixel_568,pixel_569,pixel_570,pixel_571,pixel_572,pixel_573,pixel_574,pixel_575,pixel_576,pixel_577,pixel_578,pixel_579,pixel_580,pixel_581,pixel_582,pixel_583,pixel_584,pixel_585,pixel_586,pixel_587,pixel_588,pixel_589,pixel_590,pixel_591,pixel_592,pixel_593,pixel_594,pixel_595,pixel_596,pixel_597,pixel_598,pixel_599,pixel_600,pixel_601,pixel_602,pixel_603,pixel_604,pixel_605,pixel_606,pixel_607,pixel_608,pixel_609,pixel_610,pixel_611,pixel_612,pixel_613,pixel_614,pixel_615,pixel_616,pixel_617,pixel_618,pixel_619,pixel_620,pixel_621,pixel_622,pixel_623,pixel_624,pixel_625,pixel_626,pixel_627,pixel_628,pixel_629,pixel_630,pixel_631,pixel_632,pixel_633,pixel_634,pixel_635,pixel_636,pixel_637,pixel_638,pixel_639,pixel_640,pixel_641,pixel_642,pixel_643,pixel_644,pixel_645,pixel_646,pixel_647,pixel_648,pixel_649,pixel_650,pixel_651,pixel_652,pixel_653,pixel_654,pixel_655,pixel_656,pixel_657,pixel_658,pixel_659,pixel_660,pixel_661,pixel_662,pixel_663,pixel_664,pixel_665,pixel_666,pixel_667,pixel_668,pixel_669,pixel_670,pixel_671,pixel_672,pixel_673,pixel_674,pixel_675,pixel_676,pixel_677,pixel_678,pixel_679,pixel_680,pixel_681,pixel_682,pixel_683,pixel_684,pixel_685,pixel_686,pixel_687,pixel_688,pixel_689,pixel_690,pixel_691,pixel_692,pixel_693,pixel_694,pixel_695,pixel_696,pixel_697,pixel_698,pixel_699,pixel_700,pixel_701,pixel_702,pixel_703,pixel_704,pixel_705,pixel_706,pixel_707,pixel_708,pixel_709,pixel_710,pixel_711,pixel_712,pixel_713,pixel_714,pixel_715,pixel_716,pixel_717,pixel_718,pixel_719,pixel_720,pixel_721,pixel_722,pixel_723,pixel_724,pixel_725,pixel_726,pixel_727,pixel_728,pixel_729,pixel_730,pixel_731,pixel_732,pixel_733,pixel_734,pixel_735,pixel_736,pixel_737,pixel_738,pixel_739,pixel_740,pixel_741,pixel_742,pixel_743,pixel_744,pixel_745,pixel_746,pixel_747,pixel_748,pixel_749,pixel_750,pixel_751,pixel_752,pixel_753,pixel_754,pixel_755,pixel_756,pixel_757,pixel_758,pixel_759,pixel_760,pixel_761,pixel_762,pixel_763,pixel_764,pixel_765,pixel_766,pixel_767,pixel_768,pixel_769,pixel_770,pixel_771,pixel_772,pixel_773,pixel_774,pixel_775,pixel_776,pixel_777,pixel_778,pixel_779,pixel_780,pixel_781,pixel_782,pixel_783,filename
0,0,0,0,0,0,0,0,2,7,0,0,8,0,0,2,0,9,0,0,3,0,5,0,0,0,0,0,0,0,0,0,0,0,0,0,0,4,6,6,0,5,17,0,0,7,0,5,9,0,0,0,0,0,0,0,0,0,0,0,0,0,0,0,8,0,0,13,0,0,8,0,0,0,0,5,5,0,0,5,0,0,0,0,0,0,0,0,0,0,0,0,2,0,0,9,3,0,7,4,10,0,4,0,0,13,0,0,0,0,0,0,0,0,0,0,0,0,0,0,10,75,98,143,229,255,237,187,153,71,53,11,0,0,0,20,0,0,0,0,0,0,0,0,0,0,0,0,157,234,225,198,210,204,209,236,236,255,252,123,14,14,7,0,0,0,0,0,0,0,0,0,0,0,0,0,187,135,30,0,0,0,0,32,52,74,143,248,160,0,0,16,0,0,0,0,0,0,0,0,0,0,0,0,0,0,0,1,9,0,2,0,0,0,39,244,211,6,7,0,0,0,0,0,0,0,0,0,0,0,0,0,9,2,0,0,0,0,0,1,4,26,172,255,109,6,0,0,0,0,0,0,0,0,0,0,0,0,0,0,0,0,8,8,3,0,2,10,126,249,255,170,0,4,4,3,0,0,0,0,0,0,0,0,0,0,0,0,22,0,0,0,0,26,118,226,251,217,88,4,18,0,0,16,0,0,0,0,0,0,0,0,0,0,0,0,0,5,13,61,174,253,230,172,113,14,0,0,8,0,10,0,0,0,0,0,0,0,0,0,0,0,0,0,4,113,210,249,236,157,55,0,2,14,0,2,0,14,2,1,0,0,0,0,0,0,0,0,0,0,0,0,148,242,255,238,254,255,194,121,35,2,0,10,0,0,0,4,0,0,0,0,0,0,0,0,0,0,0,0,97,159,184,181,188,185,209,255,255,221,94,0,6,14,0,0,0,0,0,0,0,0,0,0,0,0,0,0,0,13,0,0,6,0,9,66,135,240,243,160,0,0,0,3,0,0,0,0,0,0,0,3,4,1,1,2,3,2,0,0,2,4,4,3,1,100,242,242,74,5,0,3,0,0,0,0,3,9,6,0,0,5,0,0,0,0,2,4,1,0,0,5,2,0,118,255,168,0,4,0,0,0,0,0,0,0,2,4,0,0,2,14,11,4,0,0,0,0,0,8,0,11,171,252,167,30,0,0,0,0,0,0,0,0,0,0,0,0,0,0,0,0,0,2,9,5,0,0,30,80,249,236,31,0,0,0,0,0,0,0,1,5,1,0,7,21,9,0,0,2,9,2,0,3,43,81,170,255,255,149,9,0,8,12,0,0,0,0,1,0,3,11,2,0,0,13,10,4,5,38,107,182,226,239,255,234,136,1,11,7,0,0,0,0,0,0,4,0,1,2,0,0,46,104,131,190,243,253,247,252,255,255,190,1,12,1,0,11,0,6,0,0,0,0,0,14,3,0,31,153,242,255,204,234,245,223,196,166,112,58,2,3,0,1,0,4,0,4,0,0,0,0,0,0,0,0,0,0,0,0,0,0,0,0,0,0,0,0,0,0,0,0,0,0,0,0,0,0,0,0,0,0,0,0,0,0,0,0,0,0,0,0,0,0,0,0,0,0,0,0,0,0,0,0,0,0,0,0,0,0,0,0,0,0,0,0,0,0,0,0,0,0,0,0,0,0,0,0,0,0,0,0,0,0,0,0,0,0,0,0,0,0,0,0,0,0,0,0,0,0,0,0,0,0,0,0,0,0,0,0,0,0,0,0,img_10.jpg
0,0,0,0,0,0,0,0,0,1,3,0,0,4,2,0,11,0,0,14,1,0,19,0,0,0,0,0,0,0,0,0,0,0,0,0,0,12,0,0,7,0,1,10,0,2,2,16,0,3,3,0,0,0,0,0,0,0,0,0,0,0,0,0,7,8,0,8,0,0,8,0,0,19,0,0,1,21,0,4,0,0,0,0,0,0,0,0,0,0,0,0,0,0,1,0,0,1,0,0,0,0,0,11,0,0,10,3,0,0,0,0,0,0,0,0,0,0,0,0,13,0,15,10,26,34,17,77,181,178,35,4,0,0,0,0,0,0,0,0,0,0,0,0,0,0,0,0,0,0,150,254,250,251,243,252,252,255,45,6,0,5,0,9,0,0,0,0,0,0,0,0,0,0,0,0,7,72,205,255,238,243,255,254,251,248,201,198,57,0,19,0,0,0,0,0,0,0,0,0,0,0,0,0,0,218,255,241,255,249,250,251,250,255,255,242,224,49,0,12,0,0,0,0,0,0,1,2,3,2,2,1,0,65,228,255,254,244,119,34,41,110,250,255,248,124,20,0,0,0,0,0,1,1,0,0,0,0,0,0,12,0,62,103,113,117,34,0,0,0,200,244,255,255,0,12,0,0,0,0,2,1,0,0,0,0,1,2,0,0,2,4,0,11,0,7,6,0,75,244,255,255,4,0,0,0,0,0,0,0,0,1,2,3,4,4,0,14,0,0,0,9,0,2,0,0,34,255,255,253,10,10,0,0,0,0,0,0,1,2,3,2,0,0,3,2,0,13,11,0,0,0,6,12,99,255,254,248,15,12,0,0,0,0,0,1,1,1,0,0,0,0,1,1,0,0,5,6,11,0,0,17,184,247,255,243,13,0,0,0,0,0,3,2,0,0,0,0,2,4,4,0,11,0,51,94,85,5,5,25,246,246,255,208,0,9,0,0,0,0,4,1,0,0,1,7,15,19,99,103,182,189,237,253,252,191,190,227,243,252,210,18,7,0,0,0,0,0,0,4,0,0,32,109,185,247,255,242,255,244,255,255,242,251,255,240,255,255,218,124,9,0,0,0,0,0,2,0,0,0,127,255,235,255,255,247,229,212,242,250,255,255,248,255,253,249,255,243,170,12,0,0,0,0,0,11,0,9,253,255,255,233,202,85,0,53,196,238,255,227,238,142,109,193,255,240,255,180,0,0,0,0,6,0,22,1,245,243,254,255,217,235,226,213,244,251,255,239,77,0,0,20,182,247,239,243,0,0,0,0,0,0,0,4,165,251,255,245,255,242,253,250,255,197,107,59,0,18,2,6,0,54,255,158,0,0,0,0,0,24,0,0,6,34,167,194,176,183,164,44,2,10,6,6,0,0,5,0,1,0,14,2,0,0,0,0,10,0,14,0,12,0,5,0,1,0,6,0,7,0,0,0,8,0,10,0,5,0,0,10,0,0,0,0,0,14,0,4,0,0,25,0,0,9,0,0,9,0,11,0,1,0,0,2,0,0,7,0,0,0,0,0,0,0,0,0,0,0,0,0,0,0,0,0,0,0,0,0,0,0,0,0,0,0,0,0,0,0,0,0,0,0,0,0,0,0,0,0,0,0,0,0,0,0,0,0,0,0,0,0,0,0,0,0,0,0,0,0,0,0,0,0,0,0,0,0,0,0,0,0,0,0,0,0,0,0,0,0,0,0,0,0,0,0,0,0,0,0,0,0,0,0,0,0,0,0,0,0,0,0,0,0,0,0,0,0,0,0,0,0,0,0,0,0,img_1.jpg
0,0,0,0,0,0,0,0,5,0,0,3,1,1,3,0,2,0,5,7,0,0,0,0,0,0,0,0,0,0,0,0,0,0,0,0,0,0,0,0,0,0,0,0,0,0,8,0,0,4,14,0,0,0,0,0,0,0,0,0,0,0,0,0,0,6,6,3,6,5,2,8,4,0,0,3,3,0,0,0,0,0,0,0,0,0,0,0,0,0,0,0,0,2,0,0,0,0,0,2,0,1,0,8,0,0,0,11,0,0,0,0,0,0,0,0,0,0,0,0,10,4,0,0,3,1,2,12,1,7,0,0,13,0,7,0,0,0,0,0,0,0,0,0,0,0,0,0,6,0,0,16,8,0,0,5,62,129,238,247,220,18,0,0,0,0,0,0,0,0,0,0,0,0,0,0,0,0,81,175,195,201,226,236,255,244,255,255,238,37,0,0,0,0,0,0,0,0,0,0,0,0,0,0,0,15,138,255,255,244,253,247,247,255,194,138,70,0,0,13,0,0,0,0,0,0,0,0,0,0,0,0,0,53,238,246,244,234,226,200,119,62,19,0,0,1,0,5,0,0,0,0,0,0,0,0,0,0,0,0,6,162,255,217,36,5,0,0,14,0,6,6,5,5,10,0,0,0,0,0,0,0,0,0,0,0,0,0,0,187,248,176,0,10,0,5,0,0,4,0,0,2,4,7,0,0,0,0,0,0,0,0,0,0,0,0,25,219,253,103,0,7,4,63,43,5,0,24,0,5,0,4,0,0,0,0,0,0,0,0,0,0,0,0,17,255,244,102,131,219,245,247,246,95,6,0,0,12,8,3,0,0,0,0,0,0,0,0,0,0,0,0,22,250,245,255,255,239,245,255,255,255,172,0,2,0,0,6,0,0,0,0,0,0,0,0,0,0,0,0,0,200,240,239,236,244,189,99,159,253,189,0,0,20,3,0,0,0,0,0,0,0,0,0,0,0,0,0,0,53,160,118,53,36,0,0,5,128,232,187,0,0,0,2,0,0,0,0,0,0,0,0,0,0,0,0,0,1,1,0,3,0,0,0,0,11,199,236,74,0,11,0,0,0,0,0,0,0,0,0,0,0,0,0,2,9,0,3,0,0,6,1,0,12,116,255,162,3,0,0,0,0,0,0,0,0,0,0,0,0,0,0,0,1,0,0,15,6,0,2,9,0,69,255,167,0,16,4,0,0,0,0,0,0,0,0,0,0,0,0,6,0,13,1,0,4,0,7,0,14,169,248,166,16,0,0,0,0,0,0,0,0,0,0,0,0,0,0,0,38,166,189,75,18,12,0,0,42,235,227,23,0,15,3,0,0,0,0,0,0,0,0,0,0,0,0,0,164,244,242,117,0,2,18,30,162,255,228,6,0,0,0,0,0,0,0,0,0,0,0,0,0,0,0,0,187,255,255,205,99,84,130,225,255,255,190,0,2,11,6,0,0,0,0,0,0,0,0,0,0,0,0,15,88,243,255,235,255,248,255,253,248,190,62,3,2,0,1,0,0,0,0,0,0,0,0,0,0,0,0,0,18,94,189,248,255,253,255,245,131,22,0,0,0,0,2,0,0,0,0,0,0,0,0,0,0,0,0,14,0,0,0,1,0,0,0,11,0,0,3,5,0,0,0,0,0,0,0,0,0,0,0,0,0,0,0,0,0,0,1,7,6,5,5,0,0,2,0,0,0,2,0,0,0,0,0,0,0,0,0,0,0,0,0,8,8,5,1,0,1,0,0,13,12,3,0,0,9,3,0,0,0,0,0,img_11.jpg
0,12,1,0,2,0,2,0,0,11,0,4,0,0,0,3,0,0,0,0,0,0,0,0,0,0,0,0,0,2,0,0,12,0,0,13,0,2,0,3,2,7,0,0,0,0,0,0,0,0,0,0,0,0,0,0,9,8,7,4,0,0,0,0,5,0,4,0,0,0,3,2,0,0,0,0,0,0,0,0,0,0,0,0,0,0,0,8,0,15,11,0,7,0,8,1,0,0,3,5,0,0,0,0,0,0,0,0,0,0,0,0,18,0,0,6,0,7,0,23,0,0,0,6,13,7,3,0,0,0,0,0,0,0,0,0,0,0,0,0,0,1,0,0,12,4,3,222,253,184,26,0,0,0,12,4,0,0,0,0,0,0,0,0,0,0,0,0,3,16,12,2,0,0,3,255,255,212,8,3,4,3,7,0,0,0,0,0,0,0,0,0,0,0,0,0,6,0,0,10,0,13,0,152,240,216,0,2,0,0,8,0,0,0,0,0,0,0,0,0,0,0,0,0,0,5,4,0,10,0,4,98,250,253,24,0,0,2,6,0,0,88,248,197,50,0,14,0,0,0,0,0,1,2,2,0,7,0,0,63,241,255,22,12,0,0,18,5,3,162,252,254,88,6,0,6,0,0,0,0,5,0,0,0,3,0,0,20,186,255,209,38,10,10,0,0,31,223,244,255,96,5,0,3,0,0,0,0,5,0,0,0,0,0,0,0,205,234,248,214,0,5,9,1,126,255,252,240,74,1,7,3,0,0,0,0,1,0,0,3,0,0,7,0,78,226,255,255,176,129,56,182,236,255,249,220,30,0,9,0,0,0,0,0,0,2,0,4,0,0,11,1,0,1,222,246,255,254,255,248,255,251,240,200,0,0,0,0,0,0,0,0,0,5,0,3,3,0,7,2,15,0,21,148,252,245,253,220,189,255,252,139,0,10,0,5,0,0,0,0,0,8,0,1,7,0,1,0,0,0,7,8,77,76,75,36,71,251,255,45,0,0,5,0,0,0,0,0,0,0,0,0,0,0,0,0,1,3,7,0,0,0,8,0,134,253,248,52,0,4,0,1,0,0,0,0,0,0,0,0,0,0,0,0,5,0,0,13,6,0,15,5,245,247,255,33,0,8,8,0,0,0,0,0,0,0,0,0,0,0,0,0,2,0,4,0,9,0,13,58,230,241,243,41,0,0,4,0,0,0,0,0,0,0,0,0,0,0,0,0,0,20,0,8,0,11,0,144,251,255,124,12,0,0,0,1,0,0,0,0,0,0,0,0,0,0,0,0,4,0,7,3,0,0,50,224,255,203,16,0,0,4,0,8,0,0,0,0,0,0,0,0,0,0,0,0,0,4,0,0,12,46,237,255,250,82,0,8,4,0,0,4,0,0,0,0,0,0,0,0,0,0,0,0,8,0,15,12,39,255,239,253,226,42,0,0,5,4,3,0,0,0,0,0,0,0,0,0,0,0,0,0,0,20,0,48,236,247,255,144,35,6,0,1,0,0,12,0,0,0,0,0,0,0,0,0,0,0,0,0,0,13,61,206,255,255,135,61,0,0,0,0,0,0,0,0,0,0,0,0,0,0,0,0,0,0,0,0,0,0,0,13,3,8,0,0,0,0,0,0,0,0,0,0,0,0,0,0,0,0,0,0,0,0,0,0,5,6,4,1,0,0,0,9,0,0,0,0,0,0,0,0,0,0,0,0,0,0,0,0,0,0,0,0,0,0,1,0,7,1,4,0,0,0,0,0,0,0,0,0,0,0,0,0,img_13.jpg
0,0,0,0,0,0,0,0,4,0,0,0,3,0,0,2,0,0,0,5,2,0,0,5,0,0,0,0,0,0,0,0,0,0,0,0,0,0,8,12,4,0,0,5,1,0,2,5,5,1,0,0,0,0,0,0,0,0,0,0,0,0,0,0,7,0,0,5,0,0,2,0,7,4,0,0,0,4,4,0,0,0,0,0,0,0,0,0,0,0,0,0,11,0,0,0,0,4,6,0,1,2,0,0,0,2,1,0,0,0,0,0,0,0,0,0,0,0,0,0,0,1,9,10,1,0,2,2,0,1,7,7,5,4,3,0,0,0,0,0,0,0,0,0,0,0,0,0,0,0,0,0,0,2,0,3,1,0,0,0,0,0,0,4,0,0,0,0,0,0,0,0,0,0,0,0,0,18,14,28,81,96,81,88,91,83,81,81,61,25,1,0,0,0,0,0,0,0,0,0,0,0,0,0,12,82,125,172,246,255,241,255,246,244,255,255,220,132,50,10,0,0,0,0,0,8,0,0,12,0,0,84,161,236,251,255,250,255,249,246,255,237,250,247,255,235,212,55,0,0,11,6,0,0,1,5,2,0,19,121,255,244,250,250,233,242,255,255,231,252,255,251,234,255,252,85,16,3,0,0,11,0,0,8,0,0,115,250,247,230,255,211,219,212,203,179,4,13,0,5,59,238,252,77,0,0,0,3,0,4,2,0,7,66,233,253,255,255,206,0,2,6,0,0,0,8,0,6,31,195,253,142,24,14,3,3,0,4,2,2,4,30,245,255,241,251,200,0,3,5,0,0,11,9,0,0,0,90,235,255,27,0,3,0,11,0,0,5,0,42,240,255,142,95,82,6,0,0,6,4,1,0,0,9,9,30,165,238,59,0,0,0,0,6,0,0,8,216,255,135,14,0,0,5,0,0,4,0,3,7,0,0,0,0,139,255,203,19,9,0,0,1,4,0,3,255,223,111,0,23,0,0,0,10,0,0,0,12,0,0,2,22,142,250,247,3,0,1,0,3,0,0,0,255,148,13,3,0,0,8,0,0,2,0,0,2,5,0,97,149,235,255,168,17,0,0,6,0,3,9,3,240,227,52,0,6,5,1,0,0,14,0,0,0,104,128,245,241,255,244,60,0,0,10,0,0,0,0,0,255,254,205,52,19,0,0,0,29,116,173,172,189,208,239,255,255,245,143,4,0,13,2,9,9,0,0,27,242,250,250,224,207,201,223,214,200,234,255,252,229,253,247,252,254,129,23,8,9,13,0,0,1,7,0,0,39,252,255,241,254,254,255,251,255,255,250,255,251,255,223,182,0,0,2,0,2,1,0,16,9,0,0,12,21,177,204,255,255,241,249,244,236,247,238,154,169,160,10,11,8,7,0,0,0,0,0,0,0,1,3,1,9,0,58,114,112,163,253,253,172,124,105,3,14,0,7,1,0,0,1,5,6,2,1,11,0,0,5,0,0,4,0,7,0,17,80,78,23,4,0,9,0,3,4,0,0,7,0,0,0,0,5,0,0,0,0,0,0,0,0,0,0,0,0,0,0,0,0,0,0,0,0,0,0,0,0,0,0,0,0,0,0,0,0,0,0,0,0,0,0,0,0,0,0,0,0,0,0,0,0,0,0,0,0,0,0,0,0,0,0,0,0,0,0,0,0,0,0,0,0,0,0,0,0,0,0,0,0,0,0,0,0,0,0,0,0,0,0,0,0,0,0,0,0,0,0,0,0,0,0,0,0,0,0,0,0,0,0,0,0,0,0,0,0,img_2.jpg
0,0,0,0,0,0,0,0,0,7,0,0,0,0,0,6,7,0,0,0,0,3,1,0,0,0,0,0,0,0,0,0,0,0,0,0,3,0,0,14,16,8,1,0,0,0,14,1,0,0,14,4,0,0,0,0,0,0,0,0,0,0,0,0,0,5,13,0,0,0,9,0,27,0,0,0,5,0,0,3,0,0,0,0,0,0,0,0,0,0,0,0,4,0,0,5,11,5,4,8,0,0,15,7,0,2,7,0,0,0,0,0,0,0,0,0,0,0,0,0,0,11,2,0,0,0,0,4,11,3,0,2,0,5,3,0,0,0,0,0,0,0,0,0,0,0,0,0,0,2,0,0,10,6,0,0,0,0,4,9,0,0,2,3,0,0,0,0,0,0,0,0,0,0,0,0,8,0,8,11,0,4,113,202,249,255,255,135,44,0,7,3,0,0,0,0,0,0,0,0,0,0,0,0,2,0,2,0,33,188,230,101,52,6,106,162,183,11,0,4,0,0,0,0,0,0,0,0,0,0,0,0,9,0,4,58,230,189,31,0,3,0,14,0,204,17,7,0,0,0,0,0,0,0,0,0,0,0,0,0,0,20,24,231,181,0,0,5,4,2,0,119,228,0,1,0,0,0,0,0,0,0,0,0,0,0,0,0,0,0,173,232,32,4,10,0,0,7,79,230,108,18,0,10,0,0,0,0,0,0,0,0,0,0,0,0,2,100,246,47,0,5,0,1,8,63,216,109,0,0,6,0,0,0,0,0,0,0,0,0,0,0,0,0,8,122,210,0,31,0,8,28,109,235,182,0,13,0,22,0,0,0,0,0,0,0,0,0,0,0,0,0,0,128,233,0,6,66,126,180,191,220,27,0,0,11,0,0,0,0,0,0,0,0,0,0,0,0,0,0,0,78,246,233,220,255,199,59,235,68,12,0,1,2,1,10,0,0,0,0,0,0,0,0,0,0,0,0,2,0,80,120,139,62,0,155,211,5,10,0,0,0,3,0,0,0,0,0,0,0,0,0,0,0,0,0,1,0,5,2,0,0,90,255,70,0,0,0,9,0,0,9,0,0,0,0,0,0,0,0,0,0,0,0,0,17,5,0,11,47,227,159,0,0,8,0,0,2,6,0,0,0,0,0,0,0,0,0,0,0,0,0,5,0,0,0,4,213,207,19,0,0,3,12,0,2,4,2,0,0,0,0,0,0,0,0,0,0,0,0,1,0,16,7,91,253,50,0,0,4,0,2,0,1,2,0,0,0,0,0,0,0,0,0,0,0,0,0,2,5,0,45,252,131,0,8,0,7,0,15,5,0,0,2,0,0,0,0,0,0,0,0,0,0,0,0,1,8,11,207,205,30,2,0,0,22,0,0,4,9,11,0,0,0,0,0,0,0,0,0,0,0,0,0,0,14,155,255,28,0,0,6,4,0,5,150,210,91,17,0,0,0,0,0,0,0,0,0,0,0,0,0,14,40,250,91,0,0,7,0,0,24,0,10,130,183,147,11,0,0,0,0,0,0,0,0,0,0,0,0,0,207,146,4,0,4,0,0,0,0,0,0,0,0,0,0,0,0,0,0,0,0,0,0,0,0,0,0,25,237,29,0,12,0,0,14,0,0,0,0,0,0,0,0,0,0,0,0,0,0,0,0,0,0,0,0,13,0,15,7,0,9,2,0,0,0,0,0,0,0,0,0,0,0,0,0,0,0,0,0,0,0,0,0,4,0,4,3,4,0,0,0,0,0,0,0,0,0,0,0,0,0,0,0,img_3.jpg
0,0,0,0,0,0,0,0,3,8,0,0,0,1,0,0,0,1,7,2,0,0,0,0,0,0,0,0,0,0,0,0,0,0,0,0,0,0,9,4,12,4,7,2,17,0,0,0,2,3,1,1,0,0,0,0,0,0,0,0,0,0,0,0,8,0,1,0,0,0,3,0,0,0,7,8,1,0,0,1,0,0,0,0,0,0,0,0,0,0,0,0,1,0,0,8,10,6,8,0,0,9,6,0,0,6,8,0,0,0,0,0,0,0,0,0,0,0,0,0,6,3,0,4,0,0,0,4,0,0,6,4,1,2,2,0,0,0,0,0,0,0,0,0,0,0,0,0,0,5,4,1,4,2,0,0,13,0,0,1,4,0,0,0,0,0,0,0,0,0,0,0,0,0,0,0,0,0,0,0,128,191,247,255,153,110,47,2,0,8,10,1,0,0,0,0,0,0,0,0,0,0,0,0,4,4,35,52,245,255,247,189,209,255,242,119,9,0,0,0,0,0,0,0,5,0,0,3,0,0,1,15,99,170,180,122,126,72,14,6,10,72,255,241,23,0,24,0,0,0,0,0,3,0,0,0,2,3,17,35,255,228,57,0,4,3,15,3,1,24,212,250,76,8,0,0,0,0,0,0,2,0,0,0,0,0,8,21,25,47,0,4,2,0,0,0,0,36,254,251,49,10,0,6,0,0,0,0,0,0,0,3,0,0,0,0,5,3,12,8,0,6,0,9,26,36,253,225,36,0,0,3,0,0,0,0,0,0,1,5,4,0,0,0,0,0,4,0,0,13,0,2,0,94,255,131,7,0,5,0,0,0,0,0,5,2,0,0,0,0,2,4,2,6,8,0,9,0,6,0,24,220,243,19,0,8,9,0,0,0,0,0,6,4,0,0,0,0,0,0,3,0,0,0,10,0,1,12,195,242,96,0,10,7,0,3,0,0,0,0,0,0,0,1,2,4,2,0,3,0,13,6,0,6,4,105,252,202,4,0,5,0,0,1,0,0,0,0,10,1,0,0,0,0,0,1,0,0,0,0,0,0,67,254,217,43,0,4,2,6,0,1,0,0,0,0,0,0,1,5,4,2,2,4,1,4,11,1,16,29,222,249,95,0,0,3,0,3,0,9,0,0,0,0,0,0,3,1,0,0,0,0,2,4,0,0,30,234,255,123,7,0,6,3,0,5,0,3,0,0,0,0,0,3,1,0,0,0,0,0,0,0,19,50,217,247,204,12,0,0,9,0,0,9,0,0,0,0,0,0,0,0,0,0,2,7,6,1,12,0,35,231,248,231,1,2,2,3,0,0,0,6,0,0,0,0,0,0,1,0,0,4,5,0,0,0,0,123,213,253,173,0,7,3,0,0,0,0,0,0,0,8,0,0,0,0,4,0,0,5,1,0,0,10,115,253,254,162,17,8,9,0,0,3,2,4,0,0,0,1,0,0,0,0,3,0,0,4,0,0,20,55,249,254,193,23,12,0,5,2,0,0,0,0,0,1,7,0,0,0,0,0,6,0,13,1,4,0,9,178,255,177,51,0,0,5,0,2,0,0,0,0,0,0,0,0,0,0,0,0,6,0,8,0,0,0,0,105,192,35,0,13,22,0,0,0,0,0,0,0,0,0,0,0,0,0,0,0,3,0,2,0,0,3,0,25,7,11,6,0,0,0,0,9,0,0,0,0,0,0,0,0,0,0,0,0,0,1,0,0,1,6,6,0,0,10,5,0,4,7,0,5,0,0,0,0,0,0,0,0,0,0,0,0,img_12.jpg
0,6,0,0,4,4,4,0,5,0,6,0,5,2,6,0,0,4,14,0,7,0,0,0,0,0,0,0,1,2,0,0,0,0,0,0,0,6,0,0,3,0,0,2,6,0,0,0,6,9,4,6,0,0,0,0,6,0,0,6,1,0,1,5,7,0,7,0,5,18,0,9,0,8,10,9,0,0,0,5,0,0,0,0,6,0,1,7,1,4,1,0,0,8,0,4,0,0,20,0,2,0,0,0,0,6,3,0,0,0,0,0,5,0,7,0,0,2,0,0,38,126,255,218,38,0,0,0,0,9,0,4,5,0,5,0,0,0,0,0,0,0,10,0,0,4,0,28,196,237,255,241,107,61,87,29,88,138,154,137,100,1,0,4,0,0,0,0,0,0,8,0,5,2,7,98,255,236,255,255,241,255,255,227,244,255,255,255,244,68,5,0,0,0,0,0,5,0,5,0,2,0,4,138,253,251,254,248,255,241,251,249,252,251,247,253,255,58,0,6,0,0,0,0,1,2,0,0,20,0,0,133,247,253,255,244,243,255,214,240,249,251,249,255,255,54,1,2,0,0,0,0,4,7,0,2,0,0,15,54,216,212,105,106,116,4,21,255,255,255,255,250,126,7,0,0,0,0,0,0,0,0,3,19,1,3,6,0,0,0,7,58,78,168,253,247,251,234,255,206,0,19,0,20,0,0,0,0,10,1,3,0,0,0,17,78,135,176,236,246,254,255,232,255,247,255,246,158,70,14,2,0,0,0,0,0,0,0,1,0,24,6,154,252,247,240,255,236,239,255,250,249,255,230,255,255,255,177,40,8,0,0,0,0,0,8,0,2,2,0,201,250,255,255,252,255,255,237,255,244,242,255,244,227,255,255,209,0,0,0,0,0,0,3,0,0,0,13,195,255,253,246,215,197,162,106,99,2,81,16,116,117,252,237,254,108,0,0,0,0,3,0,9,0,0,9,35,157,138,61,15,0,12,0,0,1,0,1,0,4,62,208,255,187,0,0,0,0,2,5,0,0,1,7,0,0,7,0,5,1,0,10,7,0,0,0,7,10,0,126,253,216,15,8,0,0,0,1,7,11,0,0,9,5,9,0,2,7,0,0,0,9,0,2,0,0,10,65,236,183,11,5,0,0,8,0,8,0,0,11,74,48,62,14,2,1,3,5,0,0,4,13,0,0,36,224,236,140,6,2,0,0,0,0,7,0,3,109,255,255,255,255,241,185,126,83,31,4,0,0,24,139,255,255,255,166,1,0,0,0,12,0,0,0,0,132,255,243,246,242,248,247,255,251,185,135,109,194,236,237,255,235,162,16,0,0,0,0,0,0,0,6,13,139,248,255,255,255,255,255,255,247,235,255,255,244,248,255,246,238,79,0,0,0,0,1,0,11,9,0,0,36,160,239,246,244,247,245,255,255,243,255,251,252,255,240,172,17,8,0,1,1,1,1,3,0,0,2,13,0,10,37,117,190,255,255,251,218,158,141,159,88,41,17,0,10,0,4,2,3,2,1,0,0,0,0,0,0,0,0,0,0,0,0,0,0,0,0,0,0,0,0,0,0,0,0,0,0,0,0,0,0,0,0,0,0,0,0,0,0,0,0,0,0,0,0,0,0,0,0,0,0,0,0,0,0,0,0,0,0,0,0,0,0,0,0,0,0,0,0,0,0,0,0,0,0,0,0,0,0,0,0,0,0,0,0,0,0,0,0,0,0,0,0,0,0,0,0,0,0,0,0,0,0,0,0,0,0,0,0,0,0,0,0,img_16.jpg
0,0,0,0,0,0,0,0,4,1,0,0,28,0,0,10,9,0,2,0,3,0,5,0,0,0,0,0,0,0,0,0,0,0,0,0,0,0,1,18,0,2,10,0,0,2,0,14,0,8,0,11,0,0,0,0,0,0,0,0,0,0,0,0,11,3,2,6,3,0,0,0,0,14,0,0,5,0,12,0,0,0,0,0,0,0,0,0,0,0,0,0,0,0,0,0,6,5,0,7,0,0,22,0,0,0,18,0,0,0,0,0,0,0,0,0,0,0,0,0,8,15,0,0,1,176,246,255,255,98,56,37,0,15,0,8,0,0,0,0,0,0,0,0,0,0,0,0,0,0,0,5,97,244,255,245,243,246,248,177,55,13,10,1,0,0,0,0,0,0,0,0,0,0,0,0,12,0,0,0,186,255,245,250,245,255,255,255,205,19,0,0,0,0,0,0,0,0,0,0,0,0,0,0,0,0,1,9,125,244,243,246,216,233,255,232,255,217,3,2,0,0,0,0,0,6,0,0,4,3,1,0,13,0,0,90,255,251,247,124,10,154,255,255,226,248,0,0,0,0,0,0,0,1,0,0,0,0,3,5,0,0,111,234,239,255,237,0,0,87,240,255,255,240,109,0,0,0,0,0,1,0,2,4,0,0,5,7,0,31,145,255,239,237,86,10,0,0,75,239,254,241,187,9,0,0,0,0,1,0,6,4,0,4,1,0,17,134,255,250,231,79,9,0,14,1,38,255,250,255,254,118,0,0,0,0,0,0,8,0,0,7,0,0,142,255,233,255,174,0,0,15,0,4,32,159,247,248,254,114,0,0,0,0,1,0,8,0,0,3,0,33,227,241,254,255,175,2,0,2,3,0,0,82,255,255,246,115,0,0,0,0,2,0,6,0,0,0,21,134,255,239,238,172,0,11,0,0,2,7,0,104,250,253,234,133,0,0,0,0,1,0,5,2,7,0,50,225,246,255,85,0,6,0,0,4,0,1,5,103,248,251,229,52,0,0,0,0,0,6,0,16,0,0,135,241,255,250,99,0,2,0,2,0,0,0,26,214,241,227,58,2,0,0,0,0,0,9,0,0,3,67,224,255,236,162,8,0,7,0,0,10,5,31,226,245,250,246,0,0,0,0,0,0,0,4,0,2,6,63,249,255,255,155,0,5,0,5,0,14,86,219,254,242,255,145,0,0,0,0,0,0,5,0,1,6,0,40,246,252,238,146,15,0,0,82,158,187,254,248,237,255,150,17,0,8,0,0,0,0,0,1,1,0,0,65,255,255,255,239,217,215,210,232,254,241,255,241,255,158,14,0,8,0,0,0,0,0,0,0,0,0,3,41,195,237,255,249,243,249,255,247,254,255,225,206,145,0,1,0,21,0,0,0,0,0,4,0,0,6,3,0,61,126,228,255,251,245,255,255,234,243,205,23,10,0,8,0,3,10,0,0,0,0,0,9,0,0,6,7,0,0,91,236,255,251,243,247,121,53,33,0,0,6,0,0,0,0,0,0,0,0,0,0,0,0,0,0,0,0,0,0,0,0,0,0,0,0,0,0,0,0,0,0,0,0,0,0,0,0,0,0,0,0,0,0,0,0,0,0,0,0,0,0,0,0,0,0,0,0,0,0,0,0,0,0,0,0,0,0,0,0,0,0,0,0,0,0,0,0,0,0,0,0,0,0,0,0,0,0,0,0,0,0,0,0,0,0,0,0,0,0,0,0,0,0,0,0,0,0,0,0,0,0,0,0,0,0,0,0,0,0,0,0,img_7.jpg
5,0,0,0,2,1,4,9,1,0,0,0,3,3,1,0,0,0,0,0,0,0,0,0,0,0,0,0,0,3,10,4,0,0,0,0,0,0,0,0,1,0,0,0,0,0,0,0,0,0,0,0,0,0,0,0,7,3,0,0,0,5,8,7,3,0,7,0,5,0,5,3,0,0,0,0,0,0,0,0,0,0,0,0,4,0,0,8,10,0,0,0,3,0,10,0,6,0,2,0,0,0,0,0,0,0,0,0,0,0,0,0,0,0,3,7,1,0,0,12,0,0,0,0,7,0,6,3,0,0,0,0,0,0,0,0,0,0,0,0,2,7,2,0,0,5,4,0,8,6,3,3,0,0,0,0,0,0,0,0,0,0,0,0,0,0,0,0,2,0,3,8,4,0,0,7,0,0,0,0,0,11,0,4,0,0,0,0,0,0,0,0,0,0,0,0,9,0,0,12,0,0,89,209,255,241,176,152,82,66,11,0,0,0,0,0,0,0,0,0,0,0,0,0,3,0,14,6,0,1,119,248,252,230,251,255,248,255,219,216,167,41,5,5,0,0,13,0,0,1,4,3,2,15,0,0,13,0,153,255,180,48,76,109,148,153,182,223,255,250,190,81,15,3,0,9,0,0,0,0,0,0,0,10,0,50,233,245,159,0,1,0,13,0,14,26,72,206,236,255,149,14,0,1,6,4,1,0,3,6,14,16,2,152,243,255,109,3,5,0,0,6,0,0,9,7,83,234,252,122,0,0,0,0,1,5,0,0,0,0,0,172,248,239,22,0,4,7,8,11,0,11,0,7,22,192,255,68,0,0,0,0,0,0,7,2,0,9,5,104,213,131,0,8,3,0,1,0,0,2,17,0,152,255,161,16,12,22,17,5,0,0,0,22,0,0,10,0,20,0,1,11,0,45,94,125,170,170,163,194,204,255,255,180,185,255,32,15,3,2,4,0,0,16,0,1,0,6,3,0,0,217,251,249,243,241,226,253,255,190,57,21,23,64,14,1,0,1,0,0,0,0,0,0,0,0,0,18,0,137,194,126,71,19,150,255,173,37,6,0,5,0,0,0,0,0,0,0,0,0,0,0,0,0,0,0,0,14,0,16,0,64,240,183,71,0,0,0,0,9,0,0,0,0,0,0,0,0,0,0,0,0,7,0,0,0,10,2,5,226,242,65,0,0,2,12,0,2,0,0,0,0,0,0,0,0,0,0,0,0,0,0,2,0,0,7,181,255,129,0,0,8,0,10,0,0,0,0,0,0,0,0,0,0,0,0,0,0,2,7,9,7,0,42,255,204,30,0,0,4,0,0,7,5,0,0,0,0,0,0,0,0,0,0,0,0,0,4,0,0,26,147,231,89,0,5,0,0,4,0,8,0,0,0,0,0,0,0,0,0,0,0,0,0,12,0,4,0,65,255,230,5,0,1,0,5,13,1,1,0,0,0,0,0,0,0,0,0,0,0,0,0,0,0,0,5,176,247,121,0,1,0,4,4,0,0,2,2,0,0,0,0,0,0,0,0,0,0,0,0,0,0,7,80,255,238,27,10,0,0,0,0,0,0,0,0,0,0,0,0,0,0,0,0,0,0,0,0,3,0,14,114,255,203,8,0,0,0,0,0,0,0,0,0,0,0,0,0,0,0,0,0,0,0,0,0,3,0,1,75,164,105,0,0,0,0,0,0,0,0,0,0,0,0,0,0,0,0,0,0,0,0,0,0,0,8,0,0,27,11,0,5,0,0,0,0,0,0,0,0,0,0,0,0,img_6.jpg
0,11,5,0,0,0,0,5,0,0,3,5,0,4,6,0,0,0,0,0,0,0,0,0,0,0,0,0,0,0,0,2,1,2,4,1,4,0,3,10,4,0,0,3,0,0,0,0,0,0,0,0,0,0,0,0,10,0,5,7,0,0,7,0,9,1,4,0,0,3,0,9,0,0,0,0,0,0,0,0,0,0,0,0,0,0,0,0,0,4,3,0,0,0,21,0,7,6,0,4,0,0,0,0,0,0,0,0,0,0,0,0,3,3,0,0,9,0,0,13,82,135,234,255,244,154,62,0,0,0,0,0,0,0,0,0,0,0,0,0,2,6,4,1,0,0,51,141,243,251,255,250,253,253,221,43,0,0,0,0,0,0,0,0,0,0,0,0,0,0,3,0,0,87,202,252,252,203,141,82,86,168,243,36,0,0,0,0,0,0,0,0,0,0,0,0,12,0,8,0,29,195,255,199,81,17,0,0,0,74,255,125,0,0,0,0,0,0,0,0,0,0,0,0,0,13,0,6,20,255,100,17,0,13,0,0,2,103,253,158,6,0,2,1,0,2,0,0,0,0,0,0,18,8,0,0,29,201,66,0,11,0,0,19,21,199,255,103,0,0,17,0,22,3,0,16,0,0,0,0,0,0,15,0,0,38,0,0,0,24,122,242,248,241,255,153,85,5,3,0,0,2,0,0,0,0,0,0,3,0,8,0,0,0,0,3,6,105,254,242,255,255,248,244,242,251,192,21,18,3,17,0,0,0,0,0,16,0,0,2,13,4,1,0,0,186,243,196,98,85,93,103,203,255,252,253,91,8,0,8,0,0,0,0,0,0,0,9,0,0,0,7,9,0,33,20,0,3,0,1,8,126,186,255,255,131,10,0,0,0,0,0,4,4,0,6,0,13,1,1,1,0,0,0,14,0,24,0,5,0,10,150,245,220,42,0,0,0,0,0,0,0,0,1,0,2,0,3,0,22,0,0,5,6,0,7,0,3,0,6,197,255,94,20,0,0,0,0,0,0,4,5,0,0,4,3,0,0,0,8,0,19,0,0,0,5,0,0,76,248,255,15,0,0,0,0,3,0,0,0,4,0,0,0,6,0,6,1,2,0,6,5,8,0,11,12,0,216,248,17,0,0,0,0,1,2,0,0,9,0,0,20,26,18,0,20,0,0,0,0,0,3,0,0,20,186,250,20,0,0,0,0,0,8,1,0,6,0,11,65,242,241,160,146,39,1,1,9,13,13,0,5,62,255,169,7,0,0,0,0,0,8,1,0,6,0,11,65,252,255,245,255,251,185,146,62,50,8,2,78,193,231,179,0,0,0,0,0,1,2,0,0,9,0,0,20,62,135,195,253,248,244,255,244,255,197,200,254,255,219,52,1,0,0,0,0,3,0,0,0,4,0,0,0,0,6,0,38,30,123,188,254,250,250,255,242,215,64,3,0,0,0,0,0,0,0,4,5,0,0,4,3,11,0,0,4,0,0,2,16,126,142,247,177,53,0,6,0,0,0,0,0,0,0,0,0,0,0,0,0,0,0,0,0,0,0,0,0,0,0,0,0,0,0,0,0,0,0,0,0,0,0,0,0,0,0,0,0,0,0,0,0,0,0,0,0,0,0,0,0,0,0,0,0,0,0,0,0,0,0,0,0,0,0,0,0,0,0,0,0,0,0,0,0,0,0,0,0,0,0,0,0,0,0,0,0,0,0,0,0,0,0,0,0,0,0,0,0,0,0,0,0,0,0,0,0,0,0,0,0,0,0,0,0,img_17.jpg
0,0,0,0,0,0,0,0,2,0,0,2,0,0,11,0,10,0,2,0,6,0,0,3,0,0,0,0,0,0,0,0,0,0,0,0,0,11,0,8,0,0,5,8,0,5,21,2,0,0,0,0,0,0,0,0,0,0,0,0,0,0,0,0,7,0,0,12,13,0,0,0,3,0,0,0,5,5,7,3,0,0,0,0,0,0,0,0,0,0,0,0,0,9,19,2,0,12,5,1,4,1,0,0,1,0,0,0,0,0,0,0,0,0,0,0,0,0,0,0,9,0,3,0,0,6,1,5,0,0,12,0,19,0,13,0,0,0,0,0,0,0,0,0,0,0,0,0,0,9,3,0,10,0,0,0,11,0,0,0,7,0,0,6,0,0,0,0,0,0,0,0,0,0,0,0,0,176,73,8,0,2,13,0,3,0,9,0,0,27,0,5,0,0,0,0,0,0,0,0,0,0,0,0,125,255,1,0,8,0,0,3,0,5,0,0,70,252,124,2,0,0,0,0,5,0,0,11,0,3,2,4,255,253,4,0,8,2,0,0,0,13,4,0,185,255,127,0,0,0,0,0,0,2,8,4,0,0,10,175,249,142,0,0,9,0,0,13,15,0,5,202,249,246,11,8,0,0,0,0,0,0,9,0,3,5,6,255,255,7,0,4,0,2,6,0,0,11,60,255,255,255,0,1,0,0,0,0,11,0,0,0,12,2,54,254,182,0,12,0,5,15,0,6,11,198,255,249,255,39,32,0,0,0,0,0,7,0,0,0,0,4,178,255,135,0,8,5,0,6,0,1,181,236,255,251,199,13,0,0,0,0,0,0,0,0,0,7,2,51,255,252,6,7,0,0,4,0,19,116,255,255,238,255,71,7,0,4,0,0,0,0,0,1,0,2,11,111,255,243,0,0,0,16,0,25,179,255,115,125,255,63,0,0,0,8,0,0,0,0,0,10,4,0,0,137,238,255,0,5,66,188,255,238,204,57,14,118,255,1,1,9,0,0,0,0,0,0,0,9,0,14,0,0,255,249,248,255,252,255,244,126,8,0,0,255,255,1,4,0,4,0,0,0,0,0,6,0,5,0,14,0,61,255,255,232,123,53,14,0,0,5,120,255,112,0,0,1,0,10,0,0,0,0,0,14,0,0,8,25,0,16,0,17,4,0,0,0,11,0,255,255,8,8,7,0,0,6,0,0,0,0,0,16,0,17,0,5,16,0,0,1,0,2,0,5,5,63,255,200,0,0,12,0,8,0,0,0,0,0,0,0,0,3,0,0,2,33,8,2,0,14,0,12,1,187,242,138,8,0,5,0,10,0,0,0,0,0,0,0,3,0,4,11,0,0,5,0,0,4,0,0,3,250,255,94,23,9,0,4,0,0,0,0,0,0,6,0,0,20,0,0,13,9,0,1,0,5,8,3,64,255,254,16,0,0,0,5,0,8,0,0,0,0,0,3,0,0,0,8,0,1,0,9,4,0,5,1,120,252,255,0,1,0,14,0,3,0,0,0,0,0,0,0,0,0,0,0,0,0,0,5,4,0,7,0,8,255,129,0,5,9,0,12,0,0,0,0,0,0,0,0,0,0,0,0,0,0,5,0,0,0,5,2,0,129,182,21,0,0,0,9,0,3,0,0,0,0,0,0,0,0,0,0,0,0,7,0,0,1,0,8,0,12,18,0,5,10,0,0,0,6,0,0,0,0,0,0,0,0,0,0,0,0,0,4,1,1,0,3,5,0,0,0,1,0,0,6,10,0,0,0,0,0,img_15.jpg
0,0,0,0,0,0,0,0,0,0,1,0,1,2,2,0,1,4,6,2,0,0,2,4,0,0,0,0,0,0,0,0,0,0,0,0,0,0,0,0,0,0,0,0,7,0,0,0,5,0,0,0,0,0,0,0,0,0,0,0,0,0,0,0,1,0,0,0,0,0,0,0,16,5,0,3,6,2,0,0,0,0,0,0,0,0,0,0,0,0,0,0,4,1,0,1,1,0,0,3,0,0,2,0,0,3,7,3,0,0,0,0,0,0,0,0,0,0,0,0,3,0,0,2,2,0,0,3,1,4,4,0,0,0,1,1,0,0,0,0,0,0,0,0,0,0,0,0,0,0,0,3,3,0,0,2,10,0,0,3,7,0,0,3,0,0,0,0,0,0,0,0,0,0,0,0,0,0,0,8,9,1,0,5,0,1,6,1,0,0,5,8,0,0,0,0,0,0,0,0,0,0,0,0,2,0,2,13,15,7,4,10,51,102,106,41,0,0,5,0,0,0,0,0,0,0,0,0,0,0,0,0,6,0,16,139,185,77,104,232,254,255,251,209,4,0,6,0,0,0,0,0,1,1,1,1,0,0,0,0,0,2,93,233,255,182,177,80,95,104,238,240,153,4,0,1,0,0,0,0,3,3,2,2,1,1,0,0,0,0,10,151,19,11,0,14,3,0,40,255,255,0,0,8,0,0,0,0,5,4,4,3,2,1,0,0,5,25,148,116,0,10,9,0,7,15,49,253,248,0,11,0,0,0,0,0,5,4,4,3,2,1,0,0,1,163,245,13,10,0,2,8,0,0,163,248,227,3,0,0,0,0,0,0,3,3,2,2,1,1,0,0,22,163,77,0,0,8,0,0,0,34,255,254,238,0,16,12,0,0,0,0,1,1,1,1,0,0,0,0,105,246,52,0,11,0,0,10,45,222,239,216,27,8,0,0,0,0,0,0,0,0,0,0,0,0,0,0,221,226,0,0,0,17,4,37,207,253,254,31,13,0,4,3,0,0,0,0,1,0,0,1,0,0,14,39,236,70,0,7,3,18,153,234,255,180,66,5,0,0,0,0,0,0,0,0,0,0,0,3,0,0,6,25,237,155,0,0,158,220,250,255,127,71,13,0,0,1,1,1,0,0,0,0,0,0,0,4,1,0,0,7,225,233,189,233,255,252,209,71,10,0,0,0,2,1,0,0,0,0,0,0,2,0,0,3,3,0,0,0,151,255,246,252,255,165,35,0,0,0,0,7,7,0,0,0,0,0,0,0,4,0,0,0,3,1,0,0,19,69,112,107,32,1,0,9,1,1,2,4,2,0,0,3,0,0,0,0,4,0,0,0,1,2,2,1,8,0,5,4,0,19,1,0,1,0,0,0,0,0,0,0,0,0,0,0,2,1,0,0,0,1,1,0,0,3,9,0,0,1,0,8,1,1,0,0,0,0,0,0,0,0,0,0,0,1,0,0,0,0,0,0,0,4,1,0,13,0,4,0,0,1,0,0,0,1,2,1,0,0,0,0,0,0,0,0,0,0,0,0,0,0,0,0,0,0,0,0,0,0,0,0,0,0,0,0,0,0,0,0,0,0,0,0,0,0,0,0,0,0,0,0,0,0,0,0,0,0,0,0,0,0,0,0,0,0,0,0,0,0,0,0,0,0,0,0,0,0,0,0,0,0,0,0,0,0,0,0,0,0,0,0,0,0,0,0,0,0,0,0,0,0,0,0,0,0,0,0,0,0,0,0,0,0,0,0,0,0,0,0,0,0,0,0,img_4.jpg
0,0,0,0,0,0,0,0,0,4,6,0,0,0,15,0,0,0,9,0,9,2,0,1,0,0,0,0,0,0,0,0,0,0,0,0,7,0,0,0,7,0,2,0,0,17,0,15,0,0,18,0,0,0,0,0,0,0,0,0,0,0,0,0,0,8,0,0,10,0,2,4,3,0,0,5,0,0,9,0,0,0,0,0,0,0,0,0,0,0,0,0,25,0,0,34,75,167,245,202,95,23,5,0,0,10,0,8,0,0,0,0,0,0,0,0,0,0,0,0,3,0,29,158,244,255,255,245,242,206,42,3,0,0,0,6,0,0,0,0,0,0,0,0,0,0,0,0,0,18,114,255,255,140,123,213,255,255,162,0,4,0,3,0,0,0,0,0,0,0,0,0,0,0,0,0,2,0,137,251,93,0,6,19,135,236,254,32,9,7,1,0,0,0,0,0,0,0,0,0,0,0,0,0,0,10,0,19,4,8,1,0,14,236,244,137,0,1,0,0,0,0,0,0,0,0,0,0,0,0,0,0,6,0,0,4,0,9,0,3,62,216,255,192,0,0,9,0,0,0,0,0,0,0,0,0,0,0,0,0,0,14,24,5,0,13,8,0,0,213,255,108,7,6,0,0,0,0,0,0,0,0,0,0,0,0,0,0,8,0,6,29,4,5,0,0,52,248,245,33,5,0,0,4,0,0,0,0,0,0,0,0,0,0,0,0,0,12,22,3,17,129,156,123,218,246,146,9,0,0,9,1,0,0,0,0,0,0,0,0,0,0,0,0,11,0,0,7,97,252,255,244,255,187,17,1,0,0,6,0,0,0,0,0,0,0,0,0,0,0,0,0,0,7,0,0,61,197,243,250,244,188,4,0,4,0,0,1,0,0,0,0,0,0,0,0,0,0,0,0,0,0,0,13,0,11,95,255,255,237,114,2,3,0,0,6,0,0,0,0,0,0,0,0,0,0,0,0,0,8,0,0,0,3,0,68,255,249,213,19,0,0,8,0,0,0,0,0,0,3,0,0,0,0,0,1,0,8,0,0,13,0,0,10,139,255,255,106,3,0,4,0,0,0,0,0,0,2,0,0,6,10,5,4,0,3,7,19,108,175,12,0,30,237,255,98,2,0,0,7,0,0,0,0,0,6,2,0,1,4,0,0,5,7,118,223,253,9,2,5,24,250,255,86,8,4,0,5,0,0,0,0,2,5,0,0,0,0,0,6,45,200,255,251,41,8,29,53,181,255,211,47,1,6,0,2,0,0,0,0,3,0,0,4,6,0,10,47,182,255,247,231,203,184,243,255,255,224,101,1,0,2,3,7,0,0,0,0,4,0,0,5,8,0,14,55,255,248,255,249,255,247,250,241,181,83,8,0,1,4,5,0,0,0,0,0,1,3,0,0,1,0,1,21,126,216,234,255,220,164,195,92,34,0,0,7,8,4,1,0,0,0,0,0,0,6,2,0,0,3,0,0,0,4,0,0,3,4,0,7,0,0,7,0,0,0,5,4,0,0,0,0,0,0,0,0,0,0,0,0,0,0,0,0,0,0,0,0,0,0,0,0,0,0,0,0,0,0,0,0,0,0,0,0,0,0,0,0,0,0,0,0,0,0,0,0,0,0,0,0,0,0,0,0,0,0,0,0,0,0,0,0,0,0,0,0,0,0,0,0,0,0,0,0,0,0,0,0,0,0,0,0,0,0,0,0,0,0,0,0,0,0,0,0,0,0,0,0,0,0,0,0,0,0,0,0,0,0,0,0,0,0,0,0,img_5.jpg
0,0,0,0,0,0,0,0,0,14,0,0,7,0,0,15,0,0,6,0,10,0,0,5,0,0,0,0,0,0,0,0,0,0,0,0,1,0,4,11,0,0,6,0,12,0,0,0,1,0,4,0,0,0,0,0,0,0,0,0,0,0,0,0,0,6,0,0,3,8,1,3,0,15,10,4,0,0,0,13,0,0,0,0,0,0,0,0,0,0,0,0,4,1,7,6,0,0,0,0,0,0,0,5,11,7,0,0,0,0,0,0,0,0,0,0,0,0,0,0,0,6,0,0,18,9,65,191,255,126,21,5,0,9,17,0,0,0,0,0,0,0,0,0,0,0,0,0,14,0,0,130,252,254,232,255,254,253,119,0,0,16,0,5,0,0,0,0,0,0,0,0,0,0,0,0,2,6,142,255,240,255,255,240,255,254,247,137,3,0,20,0,0,0,0,0,0,0,0,0,0,0,0,0,0,183,255,246,255,255,238,255,255,251,255,255,183,22,0,18,0,0,0,0,0,4,8,0,0,13,0,0,255,255,237,255,255,187,114,255,255,255,244,254,252,133,3,0,1,7,0,9,0,0,0,5,1,0,14,135,254,255,255,253,47,14,0,136,255,0,138,255,247,247,70,0,0,0,0,0,5,0,0,5,2,0,63,245,255,233,255,5,0,0,16,0,0,8,0,64,255,255,243,68,12,0,6,2,1,6,0,0,4,0,147,255,253,201,0,0,13,0,0,8,0,0,5,0,187,248,255,254,59,0,5,6,0,5,3,0,8,0,236,255,255,120,0,0,0,16,0,0,1,0,0,6,14,176,255,245,127,0,0,0,0,0,3,0,3,0,255,253,255,61,0,17,5,0,10,0,0,6,0,1,0,133,240,255,204,7,0,0,2,0,1,0,0,12,255,254,185,0,20,0,9,0,0,13,1,11,11,0,1,124,255,252,230,12,5,0,0,2,0,0,7,61,251,255,134,5,0,11,0,0,8,0,1,0,5,2,0,190,255,254,202,0,4,0,0,3,0,0,10,250,251,254,117,12,0,0,2,11,0,14,0,10,0,3,255,255,246,255,114,17,0,11,0,9,2,11,0,135,255,250,147,0,27,7,0,12,0,0,2,0,6,120,249,255,255,179,23,0,0,15,16,0,0,0,7,102,255,255,249,9,0,0,0,0,11,0,7,0,194,255,245,248,189,17,0,0,3,3,0,12,0,6,0,10,255,244,255,130,0,10,10,0,0,0,52,195,247,252,254,206,0,0,6,11,2,0,0,0,17,0,0,12,171,255,249,253,136,118,120,131,141,133,255,255,255,254,192,0,0,4,0,3,0,0,1,3,0,10,12,0,127,249,255,255,255,247,255,255,249,246,255,243,171,97,0,0,38,0,0,0,2,3,0,0,19,6,0,0,15,129,255,244,254,255,255,255,255,255,255,144,70,0,3,0,0,0,3,5,5,0,0,1,0,0,3,11,4,0,0,137,189,255,255,253,187,124,0,2,0,5,2,5,0,9,0,0,1,0,0,0,0,0,0,0,0,0,0,0,0,0,0,0,0,0,0,0,0,0,0,0,0,0,0,0,0,0,0,0,0,0,0,0,0,0,0,0,0,0,0,0,0,0,0,0,0,0,0,0,0,0,0,0,0,0,0,0,0,0,0,0,0,0,0,0,0,0,0,0,0,0,0,0,0,0,0,0,0,0,0,0,0,0,0,0,0,0,0,0,0,0,0,0,0,0,0,0,0,0,0,0,0,0,0,0,0,0,0,0,0,0,img_14.jpg
0,0,0,0,0,0,0,0,0,0,3,0,9,0,7,4,0,0,1,0,5,8,0,6,0,0,0,0,0,0,0,0,0,0,0,0,0,0,14,0,0,0,0,0,7,1,0,0,0,0,0,0,0,0,0,0,0,0,0,0,0,0,0,0,8,0,0,0,4,8,12,0,1,0,3,8,3,4,7,0,0,0,0,0,0,0,0,0,0,0,0,0,0,0,9,13,5,0,0,0,0,0,0,6,0,0,5,0,0,0,0,0,0,0,0,0,0,0,0,0,3,1,0,0,0,0,6,14,2,8,0,3,0,0,5,0,0,0,0,0,0,0,0,0,0,0,0,0,0,10,4,0,0,8,0,0,0,12,0,1,14,1,8,0,0,0,0,0,0,0,0,0,0,0,0,0,0,0,0,105,200,235,156,79,79,77,1,0,14,0,0,0,0,0,0,0,0,0,0,0,0,0,0,0,0,24,103,232,255,254,233,255,255,214,61,0,9,0,0,6,0,0,0,0,1,0,0,1,0,0,7,0,54,146,239,255,251,255,246,254,245,252,139,4,6,0,8,0,0,0,0,0,0,8,0,0,0,4,0,5,164,255,255,255,250,196,94,245,255,249,251,0,9,0,0,11,0,0,0,0,0,8,0,1,0,4,0,86,249,255,255,157,49,0,155,255,236,255,82,6,1,5,13,0,0,0,0,0,3,1,0,8,1,0,7,194,253,244,248,3,10,14,162,254,246,255,73,6,4,0,0,0,0,0,0,0,3,1,0,8,1,0,7,194,248,255,241,110,57,124,255,244,255,240,114,0,2,5,0,7,0,0,0,0,0,8,0,1,0,4,0,86,252,241,241,255,255,255,230,255,240,216,0,1,0,10,9,0,0,0,0,0,0,8,0,0,0,4,0,5,110,255,255,237,255,249,255,247,255,167,5,2,4,0,0,6,0,0,0,0,1,0,0,1,0,0,7,0,1,87,190,255,255,247,255,248,255,153,10,0,0,6,0,2,0,0,0,0,0,0,0,0,0,0,0,0,0,0,1,8,0,0,183,251,249,171,5,0,0,1,0,0,0,0,0,0,0,0,0,0,0,0,0,0,3,0,5,0,0,0,159,248,255,168,0,0,5,2,0,2,0,0,0,0,0,0,0,0,0,0,0,0,3,0,8,0,11,7,164,255,255,164,0,0,9,1,0,6,0,0,0,0,0,0,0,0,0,0,0,0,8,0,6,0,0,0,162,246,245,173,1,0,2,0,0,5,0,0,0,0,0,0,0,0,0,0,0,0,1,0,0,4,0,4,180,255,244,206,36,0,0,1,0,0,0,0,0,0,0,0,0,0,0,0,0,0,0,1,0,11,0,10,148,255,254,244,73,6,0,6,0,0,0,0,0,0,0,0,0,0,0,0,0,0,3,10,0,0,0,0,30,234,255,255,86,9,0,7,0,0,0,0,0,0,0,0,0,0,0,0,0,0,0,6,0,0,13,2,0,255,250,253,81,5,0,5,0,0,0,0,0,0,0,0,0,0,0,0,0,0,0,9,1,3,0,0,4,255,254,252,82,0,8,0,8,0,0,0,0,0,0,0,0,0,0,0,0,0,3,0,0,1,2,2,0,131,255,240,91,3,0,0,5,2,0,0,0,0,0,0,0,0,0,0,0,0,6,0,0,0,1,4,0,12,0,16,0,0,10,6,0,0,0,0,0,0,0,0,0,0,0,0,0,0,0,0,7,0,0,0,8,0,1,1,0,0,0,0,0,8,0,0,0,0,img_19.jpg
0,0,0,0,0,0,0,0,3,0,8,5,0,2,1,0,1,0,1,6,1,0,0,8,0,0,0,0,0,0,0,0,0,0,0,0,0,14,0,7,5,10,5,0,1,0,0,0,0,10,2,0,0,0,0,0,0,0,0,0,0,0,0,0,7,0,0,0,13,0,0,26,8,12,5,10,0,3,3,2,0,0,0,0,0,0,0,0,0,0,0,0,0,7,6,1,5,0,0,0,0,0,0,16,0,6,0,0,0,0,0,0,0,0,0,0,0,0,0,0,0,1,0,127,134,193,255,255,221,130,17,0,0,0,0,7,0,0,0,0,0,0,0,0,0,0,0,0,6,0,165,251,255,255,251,250,255,208,86,2,8,7,0,0,0,0,0,0,0,0,0,0,0,0,0,0,1,31,234,235,247,234,199,169,227,255,203,35,6,0,0,10,0,0,0,0,0,0,0,0,0,0,0,0,0,8,18,193,158,36,6,0,90,253,249,47,8,0,3,0,0,0,0,0,0,0,0,0,0,0,0,0,0,10,0,1,1,0,11,0,82,241,255,48,0,8,0,9,0,0,0,0,0,0,0,0,0,0,0,0,11,0,0,11,4,1,0,0,165,255,251,42,12,9,0,0,0,0,0,0,0,0,0,0,0,0,0,0,0,18,20,0,5,1,0,167,227,255,230,23,0,3,0,9,0,0,0,0,0,0,0,0,0,0,0,0,3,0,0,0,88,221,225,251,253,255,255,88,0,5,0,0,0,0,0,0,0,0,0,0,0,0,0,0,0,38,111,218,255,255,244,251,253,240,252,159,0,0,7,1,0,0,0,0,0,0,0,0,0,0,0,0,47,224,255,255,242,255,255,255,249,250,255,248,46,0,0,1,0,0,0,0,0,0,0,0,0,0,0,0,177,252,241,255,255,255,168,45,41,153,231,255,93,5,0,0,0,0,0,0,0,0,0,0,0,0,0,0,29,215,232,218,175,106,3,0,0,188,255,245,91,0,2,1,0,0,0,0,1,0,2,1,0,7,6,0,5,0,0,5,2,0,0,0,44,255,251,244,32,0,0,3,0,0,0,0,16,0,0,8,3,0,0,3,5,0,0,0,0,4,0,20,76,238,255,153,0,26,0,0,0,0,0,0,0,0,8,3,0,0,0,4,4,4,9,0,0,0,0,33,193,255,234,190,0,0,16,0,0,0,0,0,6,4,0,0,7,9,7,0,0,0,0,13,10,0,86,232,237,255,194,55,13,0,0,4,0,0,0,0,0,2,0,13,3,0,0,0,6,56,9,10,85,169,250,254,249,225,27,7,0,0,6,0,0,0,0,0,0,12,0,0,0,86,214,239,209,237,212,237,255,243,255,245,215,27,19,0,0,0,0,0,0,0,0,0,0,10,1,2,27,140,255,238,254,255,255,249,255,255,226,189,19,11,0,0,0,19,0,4,0,0,0,0,8,0,0,11,0,36,203,255,255,242,255,195,142,119,30,0,0,3,0,5,9,0,0,4,0,0,0,0,0,0,0,0,0,0,0,0,0,0,0,0,0,0,0,0,0,0,0,0,0,0,0,0,0,0,0,0,0,0,0,0,0,0,0,0,0,0,0,0,0,0,0,0,0,0,0,0,0,0,0,0,0,0,0,0,0,0,0,0,0,0,0,0,0,0,0,0,0,0,0,0,0,0,0,0,0,0,0,0,0,0,0,0,0,0,0,0,0,0,0,0,0,0,0,0,0,0,0,0,0,0,0,0,0,0,0,0,0,0,0,0,img_8.jpg
0,0,0,0,0,0,0,0,0,3,8,4,0,0,0,2,0,1,4,4,0,0,0,2,0,0,0,0,0,0,0,0,0,0,0,0,4,0,0,0,8,7,2,0,5,1,0,1,2,0,0,2,0,0,0,0,0,0,0,0,0,0,0,0,4,0,1,4,0,0,0,8,0,8,9,0,0,5,7,0,0,0,0,0,0,0,0,0,0,0,0,0,1,0,0,0,2,4,0,0,15,0,0,11,12,0,0,8,0,0,0,0,0,0,0,0,0,0,0,0,2,13,14,2,0,2,6,3,0,0,0,0,0,0,5,4,0,0,0,0,0,0,0,0,0,0,0,0,0,0,0,0,14,52,83,96,56,103,117,67,10,0,0,0,0,0,0,0,0,0,0,0,0,0,0,0,20,0,10,85,180,239,253,247,235,229,240,232,151,39,0,7,0,0,0,0,0,0,0,0,0,0,0,0,0,11,94,197,253,252,246,255,244,255,255,255,245,194,91,0,0,0,0,0,7,0,1,5,0,0,0,7,4,118,245,251,244,185,255,250,253,235,198,196,255,242,238,91,0,0,0,0,0,6,0,11,0,9,7,0,98,255,244,173,53,0,255,244,165,61,0,49,96,255,244,86,0,0,0,0,0,1,0,3,0,9,41,134,238,255,248,70,11,21,0,3,2,12,0,7,0,116,255,111,0,0,0,0,2,0,8,0,0,0,150,255,255,223,92,3,0,0,0,13,4,1,1,2,0,140,253,183,0,0,0,0,0,5,0,5,0,34,255,240,252,84,0,12,2,12,9,0,3,0,0,16,0,122,240,195,0,0,0,0,0,10,0,0,47,178,255,255,109,0,0,8,0,0,2,7,0,9,0,0,0,120,255,84,0,0,0,0,0,5,5,0,92,255,225,210,35,8,11,0,3,5,0,15,0,9,5,5,9,219,245,96,0,0,0,0,0,5,0,10,88,249,255,29,0,2,6,0,3,0,8,0,4,0,0,47,210,248,255,89,0,0,0,0,2,4,0,7,216,236,173,9,12,0,0,16,0,8,6,1,0,0,6,110,241,255,209,23,0,0,0,0,0,0,5,0,195,255,105,2,0,16,0,0,0,0,0,6,3,11,0,255,252,243,98,0,0,0,0,0,0,9,2,0,85,255,243,70,5,0,0,19,3,0,0,7,0,55,219,233,255,150,7,2,0,0,0,0,0,0,7,3,87,254,255,218,43,14,0,14,0,1,12,8,149,198,248,255,253,115,0,9,0,0,0,0,6,0,0,7,64,168,255,255,255,194,33,23,139,245,255,252,255,231,255,221,133,2,0,0,0,0,0,0,4,14,0,1,0,37,238,234,243,249,199,228,255,255,253,249,255,248,243,123,1,0,3,17,0,0,0,0,0,0,9,0,11,3,54,171,242,255,244,255,236,234,255,253,175,141,33,0,16,2,9,0,0,0,0,0,1,10,0,0,0,0,7,0,35,184,190,181,196,194,123,32,25,0,15,0,0,3,0,8,0,0,0,0,0,0,0,0,0,0,0,0,0,0,0,0,0,0,0,0,0,0,0,0,0,0,0,0,0,0,0,0,0,0,0,0,0,0,0,0,0,0,0,0,0,0,0,0,0,0,0,0,0,0,0,0,0,0,0,0,0,0,0,0,0,0,0,0,0,0,0,0,0,0,0,0,0,0,0,0,0,0,0,0,0,0,0,0,0,0,0,0,0,0,0,0,0,0,0,0,0,0,0,0,0,0,0,0,0,0,0,0,0,0,0,0,img_9.jpg
0,0,0,0,0,0,0,0,3,6,0,8,0,0,1,0,0,0,0,0,0,0,0,0,0,0,0,0,0,0,0,0,0,0,0,0,0,0,0,0,1,14,2,0,0,0,0,0,0,0,0,0,0,0,0,0,0,0,0,0,0,0,0,0,8,0,11,5,8,0,0,6,0,0,0,0,0,0,0,0,0,0,0,0,0,0,0,0,0,0,0,0,0,0,0,0,0,0,33,0,0,0,0,0,0,0,0,0,0,0,0,0,0,0,0,0,0,0,0,0,2,7,5,0,9,81,199,0,0,0,0,0,0,0,0,0,0,0,0,0,0,0,0,0,0,0,0,0,0,0,0,0,0,86,255,0,0,0,0,0,0,0,0,0,0,0,0,0,0,0,0,0,0,0,0,0,11,0,8,10,6,66,250,11,0,0,0,0,0,0,0,0,0,0,0,0,0,0,0,0,0,0,0,0,4,0,7,0,5,81,244,3,0,0,0,0,0,0,0,0,0,0,0,0,0,0,0,0,0,0,0,0,0,8,1,0,9,62,253,0,0,0,0,0,0,0,0,0,0,0,0,0,0,0,0,0,0,0,0,0,0,2,0,0,5,87,250,0,0,0,0,0,0,0,0,0,0,0,0,0,0,0,0,0,0,0,0,0,0,2,2,0,6,133,253,0,0,0,0,0,0,0,0,0,0,0,0,0,0,0,0,0,0,0,0,0,3,0,4,0,6,174,255,1,0,0,0,0,0,0,0,0,0,0,0,0,0,0,0,0,0,0,0,0,0,0,1,0,0,193,250,0,0,0,0,0,0,0,0,0,0,0,0,0,0,0,0,0,0,0,0,0,0,0,2,0,0,195,251,0,0,0,0,0,0,0,0,0,0,0,0,0,0,0,0,0,0,0,0,0,1,1,4,0,0,186,252,1,0,0,0,0,0,0,0,0,0,0,0,0,0,0,0,0,0,0,0,0,0,0,1,0,0,172,248,0,0,0,0,0,0,0,0,0,0,0,0,0,0,0,0,0,0,0,0,0,0,10,0,8,1,74,255,1,1,0,0,3,4,0,0,2,0,0,0,0,0,0,0,0,0,0,0,0,0,5,0,1,0,78,255,0,2,0,0,1,1,0,0,2,0,0,0,0,0,0,0,0,0,0,0,0,2,1,0,0,0,80,251,2,0,3,3,0,0,0,1,0,0,0,0,0,0,0,0,0,0,0,0,0,2,0,1,3,1,78,248,35,0,2,3,0,0,1,2,0,0,0,0,0,0,0,0,0,0,0,0,0,1,0,6,3,1,71,255,119,0,0,0,0,0,3,1,0,0,0,0,0,0,0,0,0,0,0,0,0,0,0,4,0,0,52,255,209,11,2,0,0,4,2,0,0,0,0,0,0,0,0,0,0,0,0,0,0,2,0,4,0,0,19,222,245,33,10,0,0,5,0,0,2,0,0,0,0,0,0,0,0,0,0,0,0,4,0,8,0,0,0,180,237,51,16,0,0,6,0,0,6,0,0,0,0,0,0,0,0,0,0,0,0,0,0,0,0,0,0,0,0,0,0,0,0,0,0,0,0,0,0,0,0,0,0,0,0,0,0,0,0,0,0,0,0,0,0,0,0,0,0,0,0,0,0,0,0,0,0,0,0,0,0,0,0,0,0,0,0,0,0,0,0,0,0,0,0,0,0,0,0,0,0,0,0,0,0,0,0,0,0,0,0,0,0,0,0,0,0,0,0,0,0,0,0,0,0,0,0,0,0,0,0,0,0,0,0,img_18.jpg
0,0,0,0,0,0,0,0,0,2,0,8,0,0,0,0,11,0,0,0,0,0,13,0,0,0,0,0,0,0,0,0,0,0,0,0,8,0,0,0,0,9,5,0,0,0,10,3,11,0,3,0,0,0,0,0,0,0,0,0,0,0,0,0,0,12,7,1,0,12,0,0,0,4,5,2,0,23,0,3,0,0,0,0,0,0,0,0,0,0,0,0,0,5,0,8,0,13,0,5,0,17,0,9,0,0,16,0,0,0,0,0,0,0,0,0,0,0,0,0,0,11,0,17,214,158,146,195,66,0,7,0,17,0,8,3,0,0,0,0,0,0,0,0,0,0,0,0,16,0,33,226,245,255,255,249,215,55,7,0,2,13,0,7,0,0,0,0,0,0,0,0,0,0,0,0,0,7,186,255,243,244,247,217,255,226,44,11,3,0,21,0,0,0,0,0,0,0,0,0,0,0,0,0,4,135,248,227,74,151,45,63,231,255,234,0,14,0,2,3,0,0,0,0,0,0,0,5,0,0,3,0,28,252,252,152,0,9,0,2,33,239,255,187,61,0,1,5,0,0,0,0,2,0,2,7,2,0,5,0,176,240,251,26,2,5,0,4,6,72,255,239,237,29,8,0,0,0,0,0,0,0,2,1,0,2,1,0,216,254,194,0,2,0,6,3,8,0,114,255,255,119,11,4,0,0,0,0,0,0,4,0,0,4,0,5,190,255,154,10,0,0,0,2,4,4,0,253,240,241,71,2,0,0,0,0,0,2,9,0,3,9,1,25,236,243,160,0,2,17,0,2,0,0,0,95,251,255,152,0,0,0,0,0,1,0,7,0,2,6,0,47,255,255,112,0,0,2,0,1,5,0,15,0,202,248,150,9,0,0,0,0,1,0,4,0,0,1,0,68,241,249,30,16,0,0,10,0,0,0,9,5,187,255,132,2,0,0,0,0,6,0,6,0,3,2,1,85,255,198,2,0,5,5,0,0,1,0,0,8,206,252,165,0,0,0,0,0,0,7,0,0,8,0,0,161,249,253,54,6,0,13,0,8,4,3,0,50,226,255,135,1,0,0,0,0,0,5,0,0,3,0,4,143,251,255,79,0,3,4,1,0,0,0,14,232,255,219,58,0,0,0,0,0,3,1,1,0,0,1,4,94,255,231,151,19,0,0,0,8,4,10,151,250,255,119,0,0,0,0,0,0,0,0,7,5,0,0,0,33,241,255,148,0,0,0,32,0,32,179,255,248,126,0,3,9,0,0,0,0,1,0,8,4,0,0,0,0,182,255,210,38,10,0,0,109,242,229,255,189,11,9,0,0,0,0,0,0,5,0,6,0,0,0,9,0,166,244,255,245,163,126,208,235,248,255,165,3,3,0,22,0,0,0,0,0,3,0,4,0,1,0,12,0,1,192,255,235,255,255,251,234,216,49,8,6,0,0,10,0,0,0,0,0,0,0,6,0,6,0,5,0,0,42,121,223,255,242,246,92,4,7,0,0,16,0,0,2,0,0,0,0,0,0,0,0,0,0,0,0,0,0,0,0,0,0,0,0,0,0,0,0,0,0,0,0,0,0,0,0,0,0,0,0,0,0,0,0,0,0,0,0,0,0,0,0,0,0,0,0,0,0,0,0,0,0,0,0,0,0,0,0,0,0,0,0,0,0,0,0,0,0,0,0,0,0,0,0,0,0,0,0,0,0,0,0,0,0,0,0,0,0,0,0,0,0,0,0,0,0,0,0,0,0,0,0,0,0,0,0,0,0,0,0,img_20.jpg
